Country,Region,IncomeGroup,PIB,Christians,Muslims,Hindus,Buddhists,Folk Religions,Jews,Other Religions,Unaffiliated Religions,Annual Temperature
Afghanistan,South Asia,Low income,"2,024.19",< 1.0,>99.0,< 1.0,< 1.0,< 1.0,< 1.0,< 1.0,< 1.0,12.92
Angola,Sub-Saharan Africa,Lower middle income,"6,849.82",90.5,< 1.0,< 1.0,< 1.0, 4.2,< 1.0,< 1.0, 5.2,21.51
Albania,Europe & Central Asia,Upper middle income,"13,274.10",16.7,82.1,< 1.0,< 1.0,< 1.0,< 1.0,< 1.0,< 1.0,11.27
United Arab Emirates,Middle East & North Africa,High income,"68,662.39",12.9,75.0, 7.7, 2.4,< 1.0,< 1.0,< 1.0, 1.1,26.83
Argentina,Latin America & Caribbean,High income,"21,528.76",85.4,< 1.0,< 1.0,< 1.0,< 1.0,< 1.0,< 1.0,12.1,14.22
Armenia,Europe & Central Asia,Upper middle income,"9,998.79",98.3,< 1.0,< 1.0,< 1.0,< 1.0,< 1.0,< 1.0, 1.3,6.37
Australia,East Asia & Pacific,High income,"52,190.93",61.7, 3.0, 1.7, 2.9,< 1.0,< 1.0,< 1.0,28.6,21.51
Austria,Europe & Central Asia,High income,"51,936.18",78.4, 6.2,< 1.0,< 1.0,< 1.0,< 1.0,< 1.0,14.5,6.19
Azerbaijan,Europe & Central Asia,Upper middle income,"18,035.95", 2.6,97.3,< 1.0,< 1.0,< 1.0,< 1.0,< 1.0,< 1.0,12.22
Burundi,Sub-Saharan Africa,Low income,731.117,91.0, 2.9,< 1.0,< 1.0, 6.0,< 1.0,< 1.0,< 1.0,20.27
Belgium,Europe & Central Asia,High income,"48,258.42",60.5, 7.5,< 1.0,< 1.0,< 1.0,< 1.0,< 1.0,31.0,9.51
Benin,Sub-Saharan Africa,Low income,"2,404.82",52.2,24.6,< 1.0,< 1.0,17.9,< 1.0,< 1.0, 5.2,27.46
Burkina Faso,Sub-Saharan Africa,Low income,"1,993.51",21.7,62.7,< 1.0,< 1.0,15.1,< 1.0,< 1.0,< 1.0,28.18
Bangladesh,South Asia,Lower middle income,"4,560.66",< 1.0,90.8, 8.2,< 1.0,< 1.0,< 1.0,< 1.0,< 1.0,25.47
Bulgaria,Europe & Central Asia,Upper middle income,"23,154.16",81.0,14.2,< 1.0,< 1.0,< 1.0,< 1.0,< 1.0, 4.7,10.4
Belarus,Europe & Central Asia,Upper middle income,"20,007.70",70.7,< 1.0,< 1.0,< 1.0,< 1.0,< 1.0,< 1.0,28.6,6.29
Belize,Latin America & Caribbean,Upper middle income,"8,445.36",87.6,< 1.0,< 1.0,< 1.0, 1.5, 1.1,< 1.0, 9.0,25.06
Bolivia,Latin America & Caribbean,Lower middle income,"7,900.79",94.0,< 1.0,< 1.0,< 1.0,< 1.0,< 1.0,< 1.0, 4.1,20.98
Brazil,Latin America & Caribbean,Upper middle income,"16,199.24",88.1,< 1.0,< 1.0,< 1.0, 3.2,< 1.0,< 1.0, 8.4,24.92
Bhutan,South Asia,Lower middle income,"9,426.64",< 1.0,< 1.0,22.5,74.7, 1.9,< 1.0,< 1.0,< 1.0,8.58
Botswana,Sub-Saharan Africa,Upper middle income,"18,843.09",76.4,< 1.0,< 1.0,< 1.0, 4.4,< 1.0,< 1.0,17.5,21.48
Central African Republic,Sub-Saharan Africa,Low income,705.889,89.0, 9.0,< 1.0,< 1.0, 1.0,< 1.0,< 1.0,< 1.0,24.84
Canada,North America,High income,"49,775.19",66.4, 2.8, 1.7, 1.0, 1.2, 1.1, 1.2,24.5,-7.14
Switzerland,Europe & Central Asia,High income,"63,379.63",70.0, 5.6,< 1.0,< 1.0,< 1.0,< 1.0,< 1.0,22.8,4.75
Chile,Latin America & Caribbean,High income,"25,667.74",88.3,< 1.0,< 1.0,< 1.0, 1.5,< 1.0,< 1.0, 9.7,8.37
China,East Asia & Pacific,Upper middle income,"18,066.49", 5.2, 2.0,< 1.0,18.3,21.9,< 1.0,< 1.0,51.8,6.33
Cameroon,Sub-Saharan Africa,Lower middle income,"3,799.18",69.6,19.3,< 1.0,< 1.0, 3.2,< 1.0, 2.7, 5.2,24.53
Colombia,Latin America & Caribbean,Upper middle income,"15,055.43",92.3,< 1.0,< 1.0,< 1.0,< 1.0,< 1.0,< 1.0, 6.7,24.4
Comoros,Sub-Saharan Africa,Low income,"1,629.18",< 1.0,98.3,< 1.0,< 1.0,< 1.0,< 1.0,< 1.0,< 1.0,23.99
Costa Rica,Latin America & Caribbean,Upper middle income,"17,669.45",90.8,< 1.0,< 1.0,< 1.0,< 1.0,< 1.0,< 1.0, 8.0,23.85
Cyprus,Europe & Central Asia,High income,"38,980.08",72.3,25.0,< 1.0,< 1.0,< 1.0,< 1.0,< 1.0, 1.9,18.71
Czech Republic,Europe & Central Asia,High income,"37,546.48",20.9,< 1.0,< 1.0,< 1.0,< 1.0,< 1.0,< 1.0,78.4,7.67
Germany,Europe & Central Asia,High income,"52,801.11",66.0, 6.9,< 1.0,< 1.0,< 1.0,< 1.0,< 1.0,26.3,8.5
Djibouti,Middle East & North Africa,Lower middle income,"3,778.39", 2.3,96.9,< 1.0,< 1.0,< 1.0,< 1.0,< 1.0,< 1.0,27.64
Denmark,Europe & Central Asia,High income,"51,643.43",81.9, 5.1,< 1.0,< 1.0,< 1.0,< 1.0,< 1.0,12.0,7.82
Dominican Republic,Latin America & Caribbean,Upper middle income,"18,116.39",88.0,< 1.0,< 1.0,< 1.0,< 1.0,< 1.0,< 1.0,10.9,23.93
Algeria,Middle East & North Africa,Upper middle income,"15,757.71",< 1.0,97.9,< 1.0,< 1.0,< 1.0,< 1.0,< 1.0, 1.8,22.58
Ecuador,Latin America & Caribbean,Upper middle income,"11,864.60",94.0,< 1.0,< 1.0,< 1.0,< 1.0,< 1.0,< 1.0, 5.6,21.33
Eritrea,Sub-Saharan Africa,Low income,"1,653.25",62.9,36.6,< 1.0,< 1.0,< 1.0,< 1.0,< 1.0,< 1.0,26.07
Spain,Europe & Central Asia,High income,"40,289.69",75.2, 3.3,< 1.0,< 1.0,< 1.0,< 1.0,< 1.0,21.0,13.03
Estonia,Europe & Central Asia,High income,"33,842.13",39.3,< 1.0,< 1.0,< 1.0,< 1.0,< 1.0,< 1.0,60.2,5.03
Ethiopia,Sub-Saharan Africa,Low income,"2,360.98",61.9,35.9,< 1.0,< 1.0, 2.1,< 1.0,< 1.0,< 1.0,22.37
Finland,Europe & Central Asia,High income,"46,342.76",77.7, 1.3,< 1.0,< 1.0,< 1.0,< 1.0,< 1.0,20.8,1.35
Fiji,East Asia & Pacific,Upper middle income,"10,303.55",64.4, 6.3,27.9,< 1.0,< 1.0,< 1.0,< 1.0,< 1.0,23.37
France,Europe & Central Asia,High income,"45,473.95",58.1, 8.3,< 1.0,< 1.0,< 1.0,< 1.0,< 1.0,31.9,10.54
Gabon,Sub-Saharan Africa,Upper middle income,"19,951.80",75.6,12.2,< 1.0,< 1.0, 5.7,< 1.0,< 1.0, 5.7,25.0
United Kingdom,Europe & Central Asia,High income,"45,565.89",59.1, 6.1, 1.6,< 1.0,< 1.0,< 1.0,< 1.0,31.2,8.31
Georgia,Europe & Central Asia,Lower middle income,"11,481.28",87.6,11.6,< 1.0,< 1.0,< 1.0,< 1.0,< 1.0,< 1.0,7.36
Ghana,Sub-Saharan Africa,Lower middle income,"5,013.17",73.6,17.5,< 1.0,< 1.0, 4.9,< 1.0,< 1.0, 3.8,27.25
Guinea,Sub-Saharan Africa,Low income,"2,154.09",10.8,84.6,< 1.0,< 1.0, 2.7,< 1.0,< 1.0, 1.8,25.55
Guinea-Bissau,Sub-Saharan Africa,Low income,"1,947.61",18.9,46.1,< 1.0,< 1.0,30.6,< 1.0,< 1.0, 4.4,26.61
Equatorial Guinea,Sub-Saharan Africa,Upper middle income,"32,855.14",88.7, 4.0,< 1.0,< 1.0, 1.7,< 1.0,< 1.0, 5.0,24.13
Greece,Europe & Central Asia,High income,"29,057.70",87.6, 5.9,< 1.0,< 1.0,< 1.0,< 1.0,< 1.0, 6.1,13.66
Guatemala,Latin America & Caribbean,Upper middle income,"8,429.32",95.3,< 1.0,< 1.0,< 1.0,< 1.0,< 1.0,< 1.0, 3.9,23.07
Guyana,Latin America & Caribbean,Upper middle income,"8,616.01",67.9, 6.1,23.3,< 1.0,< 1.0,< 1.0,< 1.0, 2.0,25.8
Honduras,Latin America & Caribbean,Lower middle income,"5,802.06",87.5,< 1.0,< 1.0,< 1.0, 1.1,< 1.0,< 1.0,10.5,23.39
Croatia,Europe & Central Asia,High income,"25,806.88",93.3, 1.6,< 1.0,< 1.0,< 1.0,< 1.0,< 1.0, 5.1,10.47
Haiti,Latin America & Caribbean,Low income,"1,870.44",87.0,< 1.0,< 1.0,< 1.0, 2.1,< 1.0,< 1.0,10.7,24.48
Hungary,Europe & Central Asia,High income,"31,369.97",79.3,< 1.0,< 1.0,< 1.0,< 1.0,< 1.0,< 1.0,20.3,10.06
Indonesia,East Asia & Pacific,Lower middle income,"13,162.46",10.2,87.0, 1.6,< 1.0,< 1.0,< 1.0,< 1.0,< 1.0,25.72
India,South Asia,Lower middle income,"7,783.89", 2.4,15.4,78.9,< 1.0,< 1.0,< 1.0, 2.1,< 1.0,23.95
Ireland,Europe & Central Asia,High income,"79,924.71",89.7, 1.5,< 1.0,< 1.0,< 1.0,< 1.0,< 1.0, 7.9,9.11
Iraq,Middle East & North Africa,Upper middle income,"17,428.59",< 1.0,>99.0,< 1.0,< 1.0,< 1.0,< 1.0,< 1.0,< 1.0,21.58
Iceland,Europe & Central Asia,High income,"54,121.37",94.0,< 1.0,< 1.0,< 1.0,< 1.0,< 1.0,< 1.0, 3.9,1.35
Israel,Middle East & North Africa,High income,"37,673.05", 2.0,20.1,< 1.0,< 1.0,< 1.0,74.0,< 1.0, 3.2,19.7
Italy,Europe & Central Asia,High income,"39,499.58",80.8, 4.9,< 1.0,< 1.0,< 1.0,< 1.0,< 1.0,13.4,11.5
Jamaica,Latin America & Caribbean,Upper middle income,"9,462.73",77.3,< 1.0,< 1.0,< 1.0, 4.6,< 1.0,< 1.0,17.0,24.47
Jordan,Middle East & North Africa,Upper middle income,"12,812.65", 2.1,97.1,< 1.0,< 1.0,< 1.0,< 1.0,< 1.0,< 1.0,18.35
Japan,East Asia & Pacific,High income,"44,426.08", 1.8,< 1.0,< 1.0,33.2,< 1.0,< 1.0, 4.5,60.0,10.36
Kazakhstan,Europe & Central Asia,Upper middle income,"27,292.58",23.1,72.0,< 1.0,< 1.0,< 1.0,< 1.0,< 1.0, 4.0,5.99
Kenya,Sub-Saharan Africa,Lower middle income,"3,663.70",84.5,10.5,< 1.0,< 1.0, 1.5,< 1.0, 1.1, 2.3,24.5
Cambodia,East Asia & Pacific,Lower middle income,"4,321.83",< 1.0, 2.0,< 1.0,96.8,< 1.0,< 1.0,< 1.0,< 1.0,26.94
Kuwait,Middle East & North Africa,High income,"66,673.04",13.6,70.7, 9.9, 5.4,< 1.0,< 1.0,< 1.0,< 1.0,25.15
Lebanon,Middle East & North Africa,Upper middle income,"19,987.02",38.4,61.2,< 1.0,< 1.0,< 1.0,< 1.0,< 1.0,< 1.0,15.61
Liberia,Sub-Saharan Africa,Low income,"1,395.91",86.2,11.7,< 1.0,< 1.0,< 1.0,< 1.0,< 1.0, 1.4,25.25
Libya,Middle East & North Africa,Upper middle income,"11,774.26", 2.7,96.6,< 1.0,< 1.0,< 1.0,< 1.0,< 1.0,< 1.0,21.9
Sri Lanka,South Asia,Lower middle income,"13,478.17", 7.2,10.4,13.7,68.6,< 1.0,< 1.0,< 1.0,< 1.0,26.76
Lesotho,Sub-Saharan Africa,Lower middle income,"3,713.13",97.0,< 1.0,< 1.0,< 1.0,< 1.0,< 1.0,< 1.0, 2.8,11.97
Lithuania,Europe & Central Asia,High income,"34,596.31",89.9,< 1.0,< 1.0,< 1.0,< 1.0,< 1.0,< 1.0, 9.8,6.24
Luxembourg,Europe & Central Asia,High income,"110,870.23",70.6, 2.3,< 1.0,< 1.0,< 1.0,< 1.0,< 1.0,26.7,8.88
Latvia,Europe & Central Asia,High income,"29,489.86",54.3,< 1.0,< 1.0,< 1.0,< 1.0,< 1.0,< 1.0,45.3,5.63
Morocco,Middle East & North Africa,Lower middle income,"8,936.46",< 1.0,>99.0,< 1.0,< 1.0,< 1.0,< 1.0,< 1.0,< 1.0,17.23
Madagascar,Sub-Saharan Africa,Low income,"1,622.18",84.7, 3.1,< 1.0,< 1.0, 4.7,< 1.0,< 1.0, 7.3,22.01
Mexico,Latin America & Caribbean,Upper middle income,"20,616.69",94.1,< 1.0,< 1.0,< 1.0,< 1.0,< 1.0,< 1.0, 5.7,20.54
Mali,Sub-Saharan Africa,Low income,"2,255.87", 2.4,94.6,< 1.0,< 1.0, 2.5,< 1.0,< 1.0,< 1.0,28.3
Montenegro,Europe & Central Asia,Upper middle income,"18,681.66",76.6,20.3,< 1.0,< 1.0,< 1.0,< 1.0,< 1.0, 3.1,7.91
Mongolia,East Asia & Pacific,Lower middle income,"13,734.23", 2.3, 3.4,< 1.0,54.4, 3.4,< 1.0,< 1.0,36.5,-0.5
Mozambique,Sub-Saharan Africa,Low income,"1,274.89",57.8,17.2,< 1.0,< 1.0, 7.6,< 1.0,< 1.0,17.3,23.69
Mauritania,Sub-Saharan Africa,Lower middle income,"4,564.19",< 1.0,>99.0,< 1.0,< 1.0,< 1.0,< 1.0,< 1.0,< 1.0,27.69
Mauritius,Sub-Saharan Africa,Upper middle income,"22,909.93",32.8,17.4,48.4,< 1.0,< 1.0,< 1.0,< 1.0,< 1.0,23.13
Malawi,Sub-Saharan Africa,Low income,"1,200.89",83.4,12.8,< 1.0,< 1.0, 1.7,< 1.0,< 1.0, 2.0,21.98
Malaysia,East Asia & Pacific,Upper middle income,"30,857.82", 9.4,66.1, 5.8,15.7, 2.2,< 1.0,< 1.0,< 1.0,25.14
Namibia,Sub-Saharan Africa,Upper middle income,"11,613.33",97.5,< 1.0,< 1.0,< 1.0,< 1.0,< 1.0,< 1.0, 1.9,20.04
Niger,Sub-Saharan Africa,Low income,"1,213.84",< 1.0,98.3,< 1.0,< 1.0,< 1.0,< 1.0,< 1.0,< 1.0,27.24
Nigeria,Sub-Saharan Africa,Lower middle income,"6,026.57",46.9,51.1,< 1.0,< 1.0, 1.5,< 1.0,< 1.0,< 1.0,26.78
Nicaragua,Latin America & Caribbean,Lower middle income,"6,191.75",85.3,< 1.0,< 1.0,< 1.0, 1.4,< 1.0,< 1.0,13.0,24.59
Netherlands,Europe & Central Asia,High income,"56,435.58",47.3, 6.9,< 1.0,< 1.0,< 1.0,< 1.0,< 1.0,44.3,9.2
Norway,Europe & Central Asia,High income,"74,065.04",81.7, 4.9,< 1.0,< 1.0,< 1.0,< 1.0,< 1.0,11.6,0.75
Nepal,South Asia,Low income,"2,842.18",< 1.0, 5.0,80.6,10.0, 3.6,< 1.0,< 1.0,< 1.0,12.74
New Zealand,East Asia & Pacific,High income,"40,118.03",52.9, 1.6, 2.5, 1.9,< 1.0,< 1.0,< 1.0,39.6,9.98
Oman,Middle East & North Africa,High income,"45,723.48", 6.4,85.9, 5.7,< 1.0,< 1.0,< 1.0,< 1.0,< 1.0,25.45
Pakistan,South Asia,Lower middle income,"5,676.79", 1.6,96.5, 1.9,< 1.0,< 1.0,< 1.0,< 1.0,< 1.0,19.98
Panama,Latin America & Caribbean,High income,"26,979.95",92.7,< 1.0,< 1.0,< 1.0,< 1.0,< 1.0,< 1.0, 5.0,24.72
Peru,Latin America & Caribbean,Upper middle income,"13,993.60",95.4,< 1.0,< 1.0,< 1.0,< 1.0,< 1.0,< 1.0, 3.1,19.46
Philippines,East Asia & Pacific,Lower middle income,"8,893.13",92.4, 5.7,< 1.0,< 1.0, 1.6,< 1.0,< 1.0,< 1.0,25.33
Papua New Guinea,East Asia & Pacific,Lower middle income,"3,789.49",>99.0,< 1.0,< 1.0,< 1.0,< 1.0,< 1.0,< 1.0,< 1.0,25.05
Poland,Europe & Central Asia,High income,"31,430.02",92.5,< 1.0,< 1.0,< 1.0,< 1.0,< 1.0,< 1.0, 7.3,7.87
Puerto Rico,Latin America & Caribbean,High income,"38,350.95",96.5,< 1.0,< 1.0,< 1.0,< 1.0,< 1.0,< 1.0, 2.1,24.28
Portugal,Europe & Central Asia,High income,"31,964.56",90.5,< 1.0,< 1.0,< 1.0,< 1.0,< 1.0,< 1.0, 8.6,14.97
Paraguay,Latin America & Caribbean,Upper middle income,"10,350.06",96.9,< 1.0,< 1.0,< 1.0, 1.7,< 1.0,< 1.0, 1.1,23.48
Qatar,Middle East & North Africa,High income,"128,702.79",13.7,65.2,15.9, 3.8,< 1.0,< 1.0,< 1.0,< 1.0,26.92
Romania,Europe & Central Asia,Upper middle income,"26,498.82",>99.0,< 1.0,< 1.0,< 1.0,< 1.0,< 1.0,< 1.0,< 1.0,8.81
Rwanda,Sub-Saharan Africa,Low income,"2,225.20",93.8, 2.2,< 1.0,< 1.0,< 1.0,< 1.0,< 1.0, 3.0,19.01
Saudi Arabia,Middle East & North Africa,High income,"55,859.25", 4.4,92.7, 1.3,< 1.0,< 1.0,< 1.0,< 1.0,< 1.0,24.65
Sudan,Sub-Saharan Africa,Lower middle income,"4,724.51", 5.4,90.7,< 1.0,< 1.0, 2.8,< 1.0,< 1.0, 1.0,26.82
Senegal,Sub-Saharan Africa,Low income,"2,900.63", 3.3,96.6,< 1.0,< 1.0,< 1.0,< 1.0,< 1.0,< 1.0,27.87
Solomon Islands,East Asia & Pacific,Lower middle income,"2,223.85",97.4,< 1.0,< 1.0,< 1.0, 1.3,< 1.0,< 1.0,< 1.0,25.68
Sierra Leone,Sub-Saharan Africa,Low income,"1,608.48",20.4,78.5,< 1.0,< 1.0,< 1.0,< 1.0,< 1.0,< 1.0,26.04
El Salvador,Latin America & Caribbean,Lower middle income,"9,319.46",88.0,< 1.0,< 1.0,< 1.0,< 1.0,< 1.0,< 1.0,11.2,24.77
Serbia,Europe & Central Asia,Upper middle income,"15,941.52",91.6, 5.0,< 1.0,< 1.0,< 1.0,< 1.0,< 1.0, 3.3,10.18
South Sudan,Sub-Saharan Africa,Low income,"1,420.77",60.5, 6.2,< 1.0,< 1.0,32.9,< 1.0,< 1.0,< 1.0,26.93
Suriname,Latin America & Caribbean,Upper middle income,"14,947.92",52.3,14.3,18.8,< 1.0, 5.6,< 1.0, 1.9, 6.2,25.77
Slovenia,Europe & Central Asia,High income,"36,566.13",77.2, 3.9,< 1.0,< 1.0,< 1.0,< 1.0,< 1.0,18.8,8.04
Sweden,Europe & Central Asia,High income,"53,077.74",63.0, 6.5,< 1.0,< 1.0,< 1.0,< 1.0,< 1.0,29.0,1.55
Chad,Sub-Saharan Africa,Low income,"2,420.50",41.1,55.1,< 1.0,< 1.0, 1.3,< 1.0,< 1.0, 2.4,26.65
Togo,Sub-Saharan Africa,Low income,"1,735.73",42.3,14.0,< 1.0,< 1.0,36.9,< 1.0,< 1.0, 6.2,26.8
Thailand,East Asia & Pacific,Upper middle income,"18,943.77",< 1.0, 6.0,< 1.0,92.6,< 1.0,< 1.0,< 1.0,< 1.0,26.25
Tajikistan,Europe & Central Asia,Low income,"3,346.09", 1.8,96.4,< 1.0,< 1.0,< 1.0,< 1.0,< 1.0, 1.5,3.03
Turkmenistan,Europe & Central Asia,Upper middle income,"19,479.95", 6.4,93.0,< 1.0,< 1.0,< 1.0,< 1.0,< 1.0,< 1.0,15.22
Timor-Leste,East Asia & Pacific,Lower middle income,"5,097.94",>99.0,< 1.0,< 1.0,< 1.0,< 1.0,< 1.0,< 1.0,< 1.0,24.97
Trinidad and Tobago,Latin America & Caribbean,High income,"32,010.54",66.3, 5.8,22.3,< 1.0, 2.0,< 1.0, 1.4, 1.8,25.86
Tunisia,Middle East & North Africa,Lower middle income,"12,186.46",< 1.0,>99.0,< 1.0,< 1.0,< 1.0,< 1.0,< 1.0,< 1.0,19.36
Turkey,Europe & Central Asia,Upper middle income,"28,346.65",< 1.0,98.0,< 1.0,< 1.0,< 1.0,< 1.0,< 1.0, 1.2,10.93
Uganda,Sub-Saharan Africa,Low income,"2,458.18",86.1,12.1,< 1.0,< 1.0,< 1.0,< 1.0,< 1.0,< 1.0,22.6
Ukraine,Europe & Central Asia,Lower middle income,"9,214.64",85.6, 1.7,< 1.0,< 1.0,< 1.0,< 1.0,< 1.0,12.5,8.21
Uruguay,Latin America & Caribbean,High income,"23,571.27",57.0,< 1.0,< 1.0,< 1.0,< 1.0,< 1.0,< 1.0,41.5,17.57
United States,North America,High income,"62,152.07",75.5, 1.1,< 1.0, 1.2,< 1.0, 1.7,< 1.0,18.6,6.75
Uzbekistan,Europe & Central Asia,Lower middle income,"7,350.75", 2.0,97.1,< 1.0,< 1.0,< 1.0,< 1.0,< 1.0,< 1.0,12.52
Vanuatu,East Asia & Pacific,Lower middle income,"2,842.73",93.5,< 1.0,< 1.0,< 1.0, 4.0,< 1.0, 1.4, 1.2,23.84
South Africa,Sub-Saharan Africa,Upper middle income,"13,840.19",80.8, 1.9, 1.0,< 1.0,< 1.0,< 1.0,< 1.0,15.3,17.6
Zambia,Sub-Saharan Africa,Lower middle income,"4,124.20",97.4,< 1.0,< 1.0,< 1.0,< 1.0,< 1.0,< 1.0,< 1.0,21.58
Zimbabwe,Sub-Saharan Africa,Low income,"2,330.16",87.1,< 1.0,< 1.0,< 1.0, 4.0,< 1.0,< 1.0, 7.6,21.03
